player_no,song_code,song_name,artist_name,artist2_name
1,s0001,"I'm A Saint",Lecrae,
2,s0002,GALAPIN,"El Alfa",
3,s0003,"Ooh Ahh (My Life Be like)",Grits,TobyMac
4,s0903,"What I Can't Put Down","Jon Pardi",
5,s0005,"El Toro de Jalisco","Clave 520",
6,s0006,TaKillYa,"Vinnie Maniscalco",
7,s0007,"Let The Beat Build","Lil Wayne",
8,s0008,"Hay Problema","Liro Shaq",
9,s0009,"Take it Outside","Brantley Gilbert",
10,s0010,"Purple Haze","Jimi Hendrix",
11,s0011,"Ante Up (Robin Hoodz Theory)",M.O.P.,
12,s0598,"Hot (remix)","Young Thug","Travis Scott"
13,s0013,"Burning Man","Dierks Bentley","Brothers Osborne"
14,s0014,Replica,CJ,"El Alfa"
15,s0015,"New Year's Day","Charlie Robison",
16,s0016,Tweezer-Reprise,Phish,
17,s0017,Thunderstruck,AC/DC,
18,s0760,"Run This Town",JAY-Z,Rihanna
19,s0019,"No Hands","Waka Flocka Flame","Roscoe Dash"
20,s0020,"Put On",Jeezy,"Kanye West"
21,s0021,"Clint Eastwood",Gorillaz,
22,s0022,"Living Water","Shane and Shane",
23,s0023,"A Milli","Lil Wayne",
24,s0024,"El Coba","Rochy RD",
25,s0890,Goosebumps,"Travis Scott",
26,s0828,"Simple Man","Lynyrd Skynyrd",
27,s0445,"Fiesta & Calle","Rocky Rd","Imperio Record"
28,s0517,"La Jumpa",Arcángele,"Bad Bunny"
29,s0029,"For The Night","Pop Smoke","Lil Baby"
30,s0030,Nonstop,Drake,
31,s0031,"La Llevo Al Cielo","Chris Jedi",
32,s0032,"Keep It Light","Jack Harlow",
33,s0033,"This is the Way I Live","Baby Boy da Prince",
34,s0034,"Lonely Is The Night","Billy Squier",
35,s0035,"Time of Day","Turnpike Troubadours",
36,s0226,"Middle Child","J Cole",
37,s0037,"Who You Foolin",Gunna,
38,s0038,"Make It Rain","Travis Porter",
39,s0715,"I Wrote The Book","Morgan Wallen",
40,s0040,"I Gotta Feeling","The Black Eyed Peas",
41,s0041,Runnin,"21 Savage","Metro Boomin"
42,s0042,Vacation,"Dirty Heads",
43,s0043,"Swag Surfin'",F.L.Y,
44,s0044,""So Fresh, So Clean"",Outkast,
45,s0045,"Halftime (Stand Up and Get Crunk)","Ying Yang Twins",
46,s0046,"Palmetto Rose","Jason Isbell",
47,s0047,"Sittin Sidewayz","Paul Wall",
48,s0048,"Atlas Rise",Metallica,
49,s0049,"Superhero (Heroes & Villains)","Metro Boomin",Future
50,s0657,"Rulay & Pica Pollo","El Alfa","El Perrote Wz"
51,s0051,"Broadway Girls","Morgan Wallen",
52,s0587,"What You Know",T.I.,
53,s0053,"Padre Tiempo","Eladio Carrion",
54,s0054,"Down In Atlanta","Travis Scott/Pharrell Williams",
55,s0055,"Dead But Rising",Volbeat,
56,s0056,"Party Like a Rock Star","Shop Boyz",
57,s0057,"Bring It On Home","Led Zeppelin",
58,s0058,"Play With Fire","War Hall",
59,s0715,"I Wrote The Book","Morgan Wallen",
60,s0060,""Good Times, Bad Times"","Led Zeppelin",
61,s0550,"Electric Feel",MGMT,
62,s0062,"Could You Be Loved","Bob Marley",
63,s0063,"Immigrant Song","Led Zeppelin",
64,s0064,"Levels - Radio Edit",Avicii,
65,s0065,"My Hero","Foo Fighters",
66,s0066,"Saxofono Para Musicologos","Don Miguelo",
67,s0843,"Come Together","Gary Clark Jr.","Junkie XL"
68,s0544,"Motley Crew","Post Malone",
69,s0069,"Como te Pago",Lenier,
70,s0070,"Outta Control - Remix","50 Cent","Mobb Deep"
71,s0772,LAYERS,NF,
72,s0674,"Back In Black",AC/DC,
73,s0073,"Rolex® On A Redneck","Brantley Gilbert",
74,s0074,"The Sweet Escape","Gwen Stefani",Akon
75,s0075,"Can't C Me","Tupac Shakur",
76,s0076,Hillbilly,"The Cadillac Three","Elvie Shane"
77,s0077,"Rico De Cuna","Aposento Alto",
78,s0674,"Back In Black",AC/DC,
79,s0079,"Who I Am","Ben Fuller",
80,s0080,"Safe and Sound - ZION I Remix",Rebelution,"ZION I"
81,s0081,""Dear Maria, Count Me In "","All Time Low","All Time Low"
82,s0082,"On The Road","Post Malone","Meek Mill"
83,s0866,Stranglehold,"Ted Nugent",
84,s0673,"De Donde Yo Sali","L Kimii","DJ Conds"
85,s0085,Gasolina,"Daddy Yankee",
86,s0086,Self-Made,"Bryson Tiller",
87,s0087,"Me gustas - En vivo","Isreal Morales","Groupo Frontera"
88,s0088,Sunset,"Kid Ink",
89,s0089,"La Santa","Bad Bunny","Daddy Yankee"
90,s0630,"Look Ahead",Future,
91,s0091,"Saint Tropez","Post Malone",
92,s0660,"Joker And The Thief",Wolfmother,
93,s0093,"Gravy Train","Yung Gravy",
94,s0094,"Fire Up The Night","Blake Shelton",
95,s0571,Rooster,"Alice In Chains",
96,s0096,"Hey Mor",Ozuna,Feid
97,s0833,"Calm Down",Rema,"Selena Gomez"
98,s0098,"Solo Yo","Anuel AA",
100,s0100,"Nothin' But a Good Time",Poison,
101,s0232,"It Was a Good Day","Ice Cube",
102,s0102,"Crank That (Soulja Boy)","Soulja Boy",
103,s0199,"Hustler Musik","Lil Wayne",
104,s0237,Leyenda,"Anuel AA",
105,s0105,"Let's Get Married (ReMarqable Remix)","Jagged Edge",Run
107,s0107,PASIEMPRE,Tainy,Arcángel
109,s0109,CHAMPIONS,"NLE Choppa",
110,s0318,Texas,BigXthaPlug,
111,s0111,"Must Be The Feeling",NERO,
113,s0113,"Wipe Me Down","Boosie Badazz",Foxx
114,s0114,"Come Down","Anderson .Paak","Anderson .Paak"
116,s0116,Boston,Augustana,
117,s0117,""Volver, Volver "","Vicente Fernández",
120,s0120,"WHO? WHAT!","Travis Scott",
121,s0121,"Good Feeling","Flo Rida",
122,s0122,"Gracias (End Vivo)","Grupo Firme","Grupo Codified"
123,s0123,Hot,"Daddy Yankee",Pitbull
124,s0124,"Here Comes The Boom",Nelly,Nelly
125,s0125,"Joseo y Fe","Ovi Y Arcangel",
126,s0803,Brother,NEEDTOBREATHE,"Gavin DeGraw"
127,s0127,"Seven Nation Army","The White Stripes",
128,s0128,"Tití Me Preguntó","Bad Bunny",
129,s0129,"Electric Worry",Clutch,
130,s0893,"Hillbilly Deluxe","Brooks and Dunn",
131,s0131,"Lil Bit",Nelly,"Florida Georgia Line"
132,s0678,Superstition,"Stevie Wonder",
133,s0133,Frozen,"Lil Ba",
134,s0134,"Last Last","Burna Boy",
135,s0135,"Here Comes The Hotstepper","Ini Kamoze",
136,s0136,"Lose Control",MEDUZA,"Becky Hill"
137,s0137,"Hotel Lobby",Quavo,Takeoff
138,s0138,"The Mountain","Dierks Bentley",
139,s0139,Jump,"Van Halen",
140,s0140,"Brooklyn Go Hard",Jay-Z,Santigold
141,s0247,"Tequila Shots","Kid Cudi",
142,s0142,"Coming In Hot",Lecrae,"Andy Mimeo"
143,s0143,Body,"Loud Luxury",brando
144,s0144,"I Got It","Gorilla Zoe",
145,s0774,"Jump Around","House of Pain",
146,s0146,"Uva Bombom","Rochy RD","El Chuky De Lewa"
147,s0780,"Follow God","Kanye West",
148,s0148,"Waves (Clean Version)","Kanye West",
149,s0805,"Public Service Announcement",Jay-Z,
150,s0810,"God's Gonna Cut You Down","Johnny Cash",
151,s0151,"My Songs Know What You Did In The Dark (Light Em Up)","Fall Out Boy",
152,s0551,"Till I Collapse",Eminem,"Nate Dogg"
153,s0153,"Mr. Blue Sky","Electric Light Orchestra",
154,s0154,Familia,"Santa Fe Klan",
155,s0155,Shine,"Mike Stud",
156,s0156,"Volver Volver","Vicente Fernández",
157,s0157,Lifestyle,"Rich Gang","Young Thug"
158,s0158,"Thank You Hashem (DJ Niso Slob Remix)","Thank You Hashem",
159,s0682,"Cost To Be Alive","Lil Ba",
160,s0160,"Noche de Arreboles","Joe Arroyo",
161,s0161,"Bless Em","Quality Control",Takeoff
162,s0162,"Bullet with Butterfly Wings","The Smashing Pumpkins",
163,s0673,"De Donde Yo Salí","L Kimii","DJ Conds"
164,s0164,"Like Wooh Wooh",Rnbstylerz,
165,s0165,"RACKS BLUE",Future,
166,s0166,"Dead Man Walking","Jeremy Camp",
167,s0167,"Dark Heart",Fly,
168,s0168,Rush,"Ayra Starr",
169,s0169,"Toy Burlao","El Chulo",
170,s0170,"Buy the World","Mike WiLL Made-It",
171,s0867,"Las Avispas","Juan Luis Guerra",
172,s0810,"God's Gonna Cut You Down","Johnny Cash",
173,s0173,"Back Then","Mike Jones",
174,s0174,"Gotta Have It",Jay-Z,"Kanye West"
175,s0175,"Me & My Demons",OMIDO,"Silent Child"
176,s0176,"Adonis Interlude (The Montage)","J. Cole",
177,s0177,"Ooh La La",Faces,
178,s0265,"Surround Sound",JID,"21 Savage"
179,s0179,"We Will Rock You","DJ's From Mars",
180,s0180,"I Meant It","Xay Hill",
181,s0181,Alone,Marshmello,
182,s0182,"Angel Band (Jubilee Version)","Tyler Childers",
183,s0183,"Knuck If You Buck","Crime Mob",
184,s0184,"Sanctus Real",Confidence,
185,s0185,"No Problem","Lil Scrappy",
186,s0186,"Search & Rescue",Drake,
187,s0187,"Black Powder Soul","Taylor Mccall",
188,s0188,Repórtense,"Don Omar",
189,s0189,"Lord Knows",Drake,"Rick Ross"
190,s0190,"Safari Song","Greta Van Fleet",
191,s0191,Pepas,Farruko,
192,s0192,"Circle Of Life","Carmen Twillie","Lebo M."
193,s0193,Matador,Marnik,"Miami Blue"
194,s0194,"Superhero (Heros & Villains)","Metro Boomin",Future
195,s0738,"The Chain","Fleetwood Mac",
196,s0196,"Set In Stone","Travis Tritt",
197,s0318,Texas,BigXthaPlug,
198,s0198,""Shook Ones, Pt. II "","Mobb Deep",
199,s0199,"Hustler Musik","Lil Wayne",
200,s0200,Remedy,Seether,
201,s0201,"High Hopes","Panic! At The Disco",
202,s0247,"Tequila Shots","Kid Cudi",
203,s0603,Kashmir,"Led Zeppelin",
204,s0841,"Kickstart My Heart","Mötley Crüe",
205,s0205,LION,"Elevation Worship","Chris Brown"
206,s0206,"Tuesday's Gone","Lynyrd Skynard",
207,s0207,"La Rebelión","Joe Arroyo","La Verdad"
208,s0208,Solid,Young,
209,s0209,BOOTS,HARDY,
210,s0700,Baianá,Bakermat,
211,s0211,"Nikes On My Feet","Mac Miller",
212,s0346,"Circo Loco",Drake,"21 Savage"
213,s0733,25/8,"Bad Bunny",
214,s0214,"Really Got It",Jerreau,
215,s0215,"White Tiger (Cat Carpenter Remix)","Izzy Bizu",
216,s0216,"Attention Span",Rebelution,
217,s0217,"Down And Out",Tantric,
218,s0218,"Di Di Di","Braulio Fogon","Don Forty Five"
219,s0219,"Stay Fly","Three 6 Mafia",
220,s0220,"Papa Dios Me Dijo",""Secreto ""El Famoso Biberon"""",
221,s0635,Flower,Mo,
222,s0222,"Cooped Up / Return of the Mack","Post Malone",
223,s0223,Medallo,Blessd,"Justin Quiles"
224,s0224,"SpongeBob SquarePants Theme Song","Spongebob Squarepants",
225,s0225,"Break Em' Off","Paul Wall",
226,s0226,"Middle Child","J Cole",
227,s0227,Rise,"Hans Zimmer",
228,s0228,"Blow the Whistle","Too $hort",
229,s0229,"Fair Trade",Drake,
230,s0230,"Can't You Hear Me Knocking","The Rolling Stones",
231,s0231,"I'm Good","David Guetta","Bebe Rexha"
232,s0232,"It Was A Good Day","Ice Cube",
233,s0233,"Hold Yuh",Gyptian,
234,s0722,"Gimme Shelter","The Rolling Stones",
235,s0235,"Calling My Spirit","Kodak Black",
236,s0236,"Famous Last Words","My Chemical Romance",
237,s0237,Leyenda,"Anuel AA",
238,s0238,"Porque Tengo Cuarto","Lapiz Conciente",
239,s0239,"Hollywood's Bleeding","Post Malone",
240,s0240,"Get Into It (Yuh)","Doja Cat",
241,s0241,"Hey Ma",Cam'ron,
242,s0242,"Tamo' Locos",Zaider,"Young Rony"
243,s0243,"Does To Me","Luke Combs",
244,s0244,"Nothing Holds Me Down","Ryan Bingham",
245,s0798,"River of Life","Mac Powell",
246,s0246,"Your Love","The Outfield",
247,s0247,"Tequila Shots","Kid Cudi",
248,s0248,"Meet Me in the Middle",Zedd,
249,s0249,Farruko,Liberace,"Anuel AA"
250,s0250,"Maracay Way",Manybeat,Jimmix
251,s0867,"Las Avispas","Juan Luis Guerra",
252,s0252,"Llego El Real Remix- En Vivo","Omega El Fuerte",Ozuna
253,s0253,"Trap Paris (Clean)","Machine Gun Kelly",
254,s0254,"Ride the Lightning",Metallica,
255,s0544,"Motley Crew","Post Malone",
256,s0256,"Lil' Bit","Florida Georgia Line and Nelly",
257,s0257,"Under the Sun",Dreamville,
258,s0289,"Sleeping on the Blacktop","Colter Wall",
259,s0668,Redbone,"Childish Gambino",
260,s0571,Rooster,"Alice In Chains",
261,s0261,"All for Us","Labrinth and Zendaya",
262,s0262,"Pensando En Ti","Dimension Latina",
263,s0263,Drifter,"Hippie Sabotage",
264,s0264,"Me or Sum","Nardo Wick",Future
265,s0265,"Surround Sound",Jid,"21 Savage"
266,s0266,"Esta Vida","Jorge Celedón","Jimmy Zambrano"
267,s0267,"Oh Boy",Cam'Ron,"Juelz Santana"
268,s0268,"bad guy","Billie Eilish",
269,s0269,"It’s Plenty","Burna Boy",
270,s0270,"Tengo Amigos",Instkrox,
271,s0271,"Cinderella Man",Eminem,
272,s0272,"Let´s Get It","Neutro Shorty",
273,s0273,"Fruits Of My Labor","Caleb Gordon",
274,s0815,"Ay Si Niño","Rochy Rd","Mafeo 13"
275,s0618,Ghost,"Kid Cudi",
276,s0276,Yikes,"Kanye West",
277,s0277,"What Is Love (7´´ Mix)",Haddaway,
278,s0278,Singapur,"El Alfa",
279,s0279,"Me On Whiskey","Morgan Wallen",
280,s0336,"Coming Undone",Korn,
281,s0281,"My Kind Of Party","Jason Aldean",
282,s0282,"Así Como David Danzaba","Notación Musical",
283,s0283,"In The Yuma","Chris Lake",
284,s0284,"Sweet Emotion",Aerosmith,
285,s0805,"Public Service Announcement",Jay-Z,
286,s0286,"Hungry Like The Wolf","Duran Duran",
287,s0287,Bawitaba,"Kid Rock",
288,s0833,"Calm Down",Rema,"Selena Gomez"
289,s0289,"Sleeping on the Blacktop","Colter Wall",
290,s0839,"Square Dance",Eminem,
291,s0291,Benediciones,"J Balvin",
292,s0292,"Fast As You","Dwight Yoakam",
293,s0293,"Ku Lo Sa",Oxlade,
294,s0294,Outkast,ATLiens,
295,s0295,"Free Smoke",Drake,
296,s0296,"White Tiger (Cat Carpenters Remix)","Izzy Bizu",
297,s0297,"No Longer Bound","Forrest Frank",Hulvey
298,s0807,"Glitter Ain't Gold","Whiskey Myers",
299,s0299,"Country Grammar",Nelly,
300,s0300,Business,Eminem,
301,s0301,"Diamonds From Sierra Leone","Kanye West",
302,s0302,"El Duro","Don Omar","Kendo Kaponi"
303,s0303,"Mas De La Una","Piso 21",
304,s0304,"Still Tippin","Elvis Crespo",Limi-T-21
305,s0780,"Follow God","Kanye West",
306,s0306,"Change Lanes","Kevin Gates",
307,s0307,"Walk Thru","Rich Homie Quan",
308,s0308,"Jovenes Millionarios","Eladio Carrion",
309,s0309,"No Se Va (En Vivo)","Grup Frontera",
310,s0310,Rambo,"Bryson Tiller",
311,s0311,"Just A Dog","Big Moe",
312,s0312,""Nuthin' But A ""G"" Thing "","Dr. Dre",
313,s0313,"Gracias Remix","Pedro Capo",
314,s0314,"Rocky Road Pt. 2","Caleb Gordon",
315,s0315,"In The Air Tonight","Phil Collins",
316,s0316,Grillz,Nelly,
317,s0317,"Hasta Que Dios Diga","Anuel AA",
318,s0318,Texas,BigXthaPlug,
319,s0319,"Comenzo La Fiesta","Anthony Santos",
320,s0320,"Tontoron Tonton","El Alfa",
321,s0866,Stranglehold,"Ted Nugent",
322,s0685,"Yandel 150",Yandel,Feid
323,s0867,"Las Avispas","Juan Luis Guerra",
324,s0324,"Voodoo Child","Jimi Hendrix",
325,s0325,"Surf Swag","Lil Wayne",
326,s0326,"The Joker and The Thief",Wolfmother,
327,s0327,"No Guardo Luto","Josa Pena",
328,s0328,"La Muchachita","Anthony Santos",
329,s0810,"God's Gonna Cut You Down","Johnny Cash",
330,s0644,"Still D.R.E.","Dr. Dre",
331,s0331,"El Corrido De Mazatlan","Banda El Recodo de Cruz Lizarraga",
332,s0830,"Ella Baila Sola","Eslabon Armado","Peso Pluma"
333,s0333,"The Waltz","Left Lane Cruiser",
334,s0334,"I Wanna Rock - The Kings G-Mix","Snoop Dogg",Jay-Z
335,s0335,"La Vida es un Carnaval","Celia Cruz",
336,s0336,"Coming Undone",Korn,
337,s0337,Solo,Future,
338,s0338,"Age of Machine","Greta van Fleet",
339,s0339,"Outlaws Like Us","Riley Green",
340,s0340,"Feliz Cumpleaños Ferxxo","Feid Cuero Na' Ma'",
341,s0733,25/8,"Bad Bunny",
342,s0342,"Hussle & Motivate","Nipsey Hustle",
343,s0343,"Anywhere With You","Jake Owen",
344,s0621,"South On Ya","Luke Combs",
345,s0345,"Mi Nina",Ozuna,
346,s0346,"Circo Loco",Drake,"21 Savage"
347,s0347,Frogman,"Whiskey Myers",
348,s0348,Fly,"Dark Heart",
349,s0349,Numb,"Linkin Park",
350,s0350,"Whole Lotta Love","Led Zeppelin",
351,s0351,"Man Made A Bar",Wallen,Church
352,s0352,Altar,Hulvey,"Forrest Frank"
353,s0353,Otro,"Myke Towers",
354,s0354,Transportin',Kodak,
355,s0685,"Yandel 150",Yandel,Feid
356,s0356,Roses,"SAINt JNH",Future
357,s0357,"Waiting for the Thunder","Blackberry Smoke",
358,s0683,"The Stroke","Billy Squire",
359,s0359,"can't look back","Machine Gun Kelly",
360,s0360,"Live Your Life",T.I.,Rihanna
361,s0361,"You Can't Imagine","Hippie Sabotage",
362,s0362,"Last Red Down","Lincoln Durham",
363,s0363,"Patria (Motherland)","Rubén Blades",
364,s0662,"Blue World","Mac Miller",
365,s0365,"Praise God","Kanye West",
366,s0366,"Welcome To The Show","Cody Johnson",
367,s0367,"2 Of Amerikaz Most Wanted",2Pac,"Snoop Dogg"
368,s0725,"Después de la Playa","Bad Bunny",
369,s0369,"Forgot About Dre","Dr. Dre",
370,s0573,Sabotage,"Beastie Boys",
371,s0371,"Feds Watching","2 Chains","Pharrell Williams"
372,s0372,"UNAPOLOGETICALLY COUNTRY AS HELL",HARDY,
373,s0373,"King Nothing",Metallica,
374,s0374,"Public Service Announcment",Jay-Z,
375,s0375,"Can't Get Enough","Ghost Machines",
376,s0376,""Wish on an Eyelash, Pt. 2 "",Mallrat,"The Chainsmokers"
377,s0377,"Sigo Siendo el Papá","Silvestre Dangond","Silvestre Dangond"
378,s0378,"Bidi Bidi Bom Bom",Selena,
379,s0715,"I Wrote The Book","Morgan Wallen",
380,s0380,512,Mora,
381,s0381,"Mueve Tu Cintura","Los Tigrillos",
382,s0382,"First Off",Future,
383,s0383,"Yo Sé Que Dios Me Tiene A Mi Lo Mio","Pena Suazo",
384,s0488,"Wherever I May Roam",Metallica,
385,s0385,"I Luv It","Young Jeezy",
386,s0813,"Where I Belong","Building 429",
387,s0387,"The World Is Yours",Nas,
388,s0388,GHOST!,"Kid Cudi",
389,s0389,Too,Thraxxx,
390,s0390,10K,KB,
391,s0391,Superhero,"Chris Brown",Future
392,s0392,"30 For 30",FlugameQ,LilOunce
393,s0393,Apricots,Bicep,
394,s0394,"Shots & Squats","Tham Sway",Vigiland
396,s0396,"Baila Conmigo",Dayvi,"Kelly Ruíz"
397,s0397,"Cat Daddy",Rej3ctz,Rej3ctz
398,s0398,"Real Guerrero - Remix",Farruko,Secreto
399,s0637,"Grove St. Party","Waka Flocka Flame","Victor Cardenas"
400,s0499,"Jimmy Cooks",Drake,"21 Savage"
401,s0401,"I'm Your Boogie Man",KC,"The Sunshine Band"
402,s0887,"We Are Young",fun.,"Janelle Monáe"
403,s0876,Hustlin',"Rick Ross","Rick Ross"
404,s0404,"Born of a Broken Man","Rage Against The Machine",
405,s0405,"Victory Lap","Nipsey Hussle","Stacy Barthe"
406,s0406,"Welcome To The Party",Diplo,Zhavia
407,s0407,"Get It Today","Drew Deezy","French Montana"
408,s0408,"La Chona","Los Tucanes De Tijuana",
409,s0409,"Patty Pinblett Entrancm",Various,
410,s0733,25/8,"Bad Bunny",
411,s0786,"Ride Wit Me",Nelly,"City Spud"
412,s0412,"Hail Mary",2Pac,
413,s0413,"Pump It","Black Eyed Peas",
414,s0414,"Blue Laces","Nipsey Hussle",Goldie
415,s0415,"Fire Emoji",YB,
416,s0416,"¿Quién Dijo?","La Duda",Soñadores
417,s0507,"El Hokage","Eladio Carrion",
418,s0418,Gasoline,Seether,
419,s0419,Alibaba,"El Alfa",
420,s0420,Bigfoot,W&W,
421,s0421,"El Ganador","Nicky Jam",
422,s0422,"Tengo Mas","El Philippe",
423,s0423,"Open the Gate","Zach Bryan",
424,s0424,"Edge of Seventeen","Stevie Nicks",
425,s0425,"Corazon Culpaple","Anthony Santos",
426,s0698,"For Whom the Bell Tolls",Metallica,
427,s0547,"Sweet Home Alabama","Lynyrd Skynyrd",
428,s0587,"What You Know",T.I.,
429,s0429,"Survival of the Fittest","Mobb Deep",
430,s0430,"Separate Ways (Worlds Apart)",Journey,
431,s0431,"Kings of Summer - Single Version",ayokay,"Quinn XCII"
432,s0432,Intro,DMX,
433,s0433,"Dios Nunca Falla","Madiel Lara",
434,s0434,"Sharp Dressed Man","ZZ Top",
435,s0435,Mother,Danzing,
436,s0436,"A Pirate Looks at 40","TJ O’Neill","Stick Figure"
437,s0437,"A I O","Angel Dior",
438,s0438,"Still D.R.E. - Instrumental","Dr. Dre",
439,s0439,"Family Ties",Ba,
440,s0440,"Jazz Chisholm","P KAYE",
441,s0441,"California Breeze","Lil Ba",
442,s0442,"Sal Pa La Luz",Bulova,"Starmac Publishing"
443,s0443,"Gang Gang",Jackboys,"Sheck Wes"
444,s0444,"The Devil is a Lie","Rick Ross","Jay Z"
445,s0445,"Fiesta & Calle","Rocky Rd","Imperio Record"
446,s0446,"El Vecino","Dj Unic",
447,s0447,"STAYING ALIVE","DJ Khaled",Drake
448,s0448,Bendecio,Redimi2,Redimi2
449,s0815,"Ay si Nino","Rochy Rd","Mafeo 13"
450,s0453,"Mirenme Ahora","Myke Towers",
451,s0451,"Awesome God",R-Swift,
452,s0452,Nobody,"Casting Crowns","Matthew West"
453,s0453,"Mírenme Ahora","Myke Towers",
454,s0454,"Sweet Child O' Mine","Guns N' Roses",
455,s0455,"Speak 4 Em","Moneybagg Yo",
456,s0456,Agradecido,"Don Omar",
457,s0531,Narco,"Blaster Jaxx","Timmy Trumpet"
458,s0458,Yungen,"Jack Harlow","Rod Wave"
459,s0459,"Lemon Pepper Freestyle",Drake,"Rick Ross"
460,s0460,"Pa' Que Retozen","Tego Calderón",
461,s0461,"No Fear","DeJ Loaf",
462,s0462,"Doin' This","Luke Combs",
463,s0463,"Salve a San Antonio","Los Congos",
464,s0464,"I'm Real","Jennifer Lopez","Ja Rule"
465,s0465,"California Day","Common Kings",
466,s0685,"Yandel 150",Yandel,Feid
467,s0467,Paradise,"Dermot Kennedy",MEDUZA
468,s0830,"Ella Baila Sola","Eslabon Armado","Peso Pluma"
469,s0469,"Party On Fifth Ave.","Mac Miller",
470,s0470,"Jumbotron Poppin'",Drake,
471,s0471,Jungle,"Andre Nickatina",
472,s0472,De-Stress,Rebelution,
473,s0473,"Howlin' For You","The Black Keys",
474,s0903,"What I Can't Put Down","Jon Pardi",
475,s0475,"Friends In Low Places","Garth Brooks",
476,s0476,"The Show Goes On","Lupe Fiasco",
477,s0866,Stranglehold,"Ted Nugent",
478,s0478,"Black Hole Sun",Soundgarden,
479,s0479,Zoom,"Boosie Badazz","Yung Joc"
480,s0480,"The Four Horsemen",Metallica,
481,s0481,"The Spirit Of Radio",Rush,
482,s0482,Higher,Creed,
483,s0483,"Please Don't Go","Michael Posner",
484,s0484,JS4E,Arcangel,
485,s0485,"Apuesta A Mi","El Mayor Clasico",
486,s0486,"Con Cotorra No","El Sujeto",
487,s0487,red,HARDY,"Morgan Wallen"
488,s0488,"Wherever I May Roam",Metallica,
489,s0489,Unified,"Unified Highway",
490,s0490,Reborn,"Kid Cudi",
491,s0491,"El Centurión de la Noche","Joe Arroyo",
492,s0492,Ready,"Lil Ba",
493,s0810,"God's Gonna Cut You Down","Johnny Cash",
494,s0494,"What Makes You Country","Luke Bryan",
495,s0495,"Cut Me Up",Wacotron,
496,s0496,"Que No (Remix)","El Alfa",
497,s0733,25/8,"Bad Bunny",
498,s0498,"A Sky Full of Stars","Taron Egerton",
499,s0499,"Jimmy Cooks",Drake,"21 Savage"
500,s0500,"Money Trees","Kendrick Lamar","Jay Rock"
501,s0501,"Ms. Poli Sci","Paul Russell",Khary
502,s0838,"All My Life","Lil Durk",J.Cole
503,s0503,Cameras,Drake,
504,s0504,Blessings,Lecrae,
505,s0505,"Cooler than a Bitch",Gunna,
506,s0506,Walk,"Kodak Back",
507,s0507,"El Hokage","Eladio Carrion",
508,s0508,"Te Siento En Para","Liro Shaq","Ceky Viciny"
509,s0833,"Calm Down",Rema,"Selena Gomez"
510,s0510,"You Got It","Trip Lee",
511,s0511,"Gracias - Remix","Pedro Caop",Farruko
512,s0512,Rollin,"Calvin Harris",
513,s0513,"Voy a ser Grande","El Jeffrey",
514,s0514,"El Incromprendido",Furruko,
515,s0515,Throwback,B.O.B.,
516,s0516,"No Long Talk",Drake,
517,s0517,"La Jumpa",Arcángele,"Bad Bunny"
518,s0518,"Tu Me Quemas","Chino y Nacho",
519,s0519,Hikoutei,"King Gnu",
520,s0520,"The Outsiders","Eric Church",
521,s0521,"El Mundo Es Mio","Bad Bunny",
522,s0522,""Stop, Drop, Roll "","Kitchen Clean",
523,s0523,"Fire On the Mountain","Grateful Dead",
524,s0524,Sandstorm,Darude,
525,s0525,"Wake Up","Rage Against the Machine",
526,s0582,"Duffle Bag Boy","Playaz Circle","Lil Wayne"
527,s0527,""Shook Ones, Pt. II"","Mobb Deep",
528,s0528,"After Hours",charlieonnafriday,
529,s0529,"Tarzan Boy",Baltimora,
530,s0530,"Summer of '69","Bryan Adams",
531,s0531,Narco,"Blaster Jaxx","Timmy Trumpet"
532,s0532,Dura,"Daddy Yankee",
533,s0533,"Brother Louie",Stories,
534,s0534,"N****s in Paris",Jay-Z,"Kanye West"
535,s0535,"El Abayarde","Tego Calderón",
536,s0536,"Old Thing Back",Matoma,"The Notorious B.I.G."
537,s0537,"Si Lo Puedes Soñar","Eladio Carrion",
538,s0797,"Rock of Ages","Def Leppard",
539,s0539,"Big Poppa","The Notorious B.I.G.",
540,s0736,"Me Porto Bonito","Bad Bunny",
541,s0541,"I'm So Blessed - Best Day Remix",Cain,
542,s0542,"Dixieland Delight",Alabama,
543,s0654,Alive,"Kid Cudi",Ratatat
544,s0544,"Motley Crew","Post Malone",
545,s0681,Freestyle,"Lil Ba",
546,s0546,"Loud and Heavy","Cody Jinks",
547,s0547,"Sweet Home Alabama","Lynyrd Skynyrd",
548,s0548,Forever,Drake,"Kanye West"
549,s0549,"Counting Stars",OneRepublic,
550,s0550,"Electric Feel",MGMT,
551,s0551,"Till I Collapse",Eminem,"Nate Dogg"
552,s0552,"Type of Way","Rich Homie Quan",
553,s0553,Hello,"Pop Smoke","A Boogie Wit da Hoodie"
554,s0554,Intoxicated,"Martin Solveig","Good Times Ahead"
555,s0721,"Lay Low",Tiesto,
556,s0556,"The Scotts","Travis Scott",
557,s0557,"Locked Up",Akon,
558,s0558,"The Rev3nge","Joey Bada$$",
559,s0559,"Don't Play","Travis Scott",
560,s0560,"City of Gods","Fivio Foreign",Kanye
561,s0561,"Good For You","Good For You",
562,s0562,"Who? What?","Travis Scott",
563,s0563,"High Today","Wiz Khalifa",
564,s0564,"Hip Hop Hooray","Naughty By Nature",
565,s0565,"What's Beef","Biggie Smalls",
566,s0566,"I Was Made For Lovin' You",KISS,
567,s0567,Chimbala,Feliz,
568,s0568,Neverita,"Bad Bunny",
569,s0838,"All My Life","Lil Durk",J.Cole
570,s0570,Bendiciones,"Bad Bunny",
571,s0571,Rooster,"Alice in Chains",
572,s0572,"Rosa Parks",Outkast,
573,s0573,Sabotage,"Beastie Boys",
574,s0574,"Vale la Pena","Juan Luis Guerra 4.40",
575,s0575,"Lean Back","Terror Squad","Fat Joe"
576,s0643,"Welcome to the Jungle","Guns N' Roses",
577,s0577,"The End",NOAX,
578,s0578,Misericordia,"Onell Diaz",
579,s0579,"Messin' with the King","Olivia King",
580,s0580,"El Cero","El Chulo",
581,s0581,"In a Minute","Lil Ba",
582,s0582,"Duffle Bag Boy","Playaz Circle","Lil Wayne"
583,s0583,Ya'meen,"Method Man",
584,s0584,Aguanile,"Marc Anthony",
585,s0585,"Mi Ultima Dia","Tercer Cielo",
586,s0586,"It's a Beautiful Day",Trinix,Rushawn
587,s0587,"What You Know",T.I.,
588,s0588,"Caribou Lou","Tech N9ne",
589,s0589,"Serial Killa (Instrumental)","Snoop Dogg",
590,s0590,"Southside Still Holdin",E.S.G.,
591,s0591,"Rie & Llora","Celia Cruz",
592,s0592,"Quien (TV Remix)",Blessd,
593,s0593,"Danza Kuduro","Don Omar",
594,s0594,"It's My Life","Bon Jovi",
595,s0595,RICO,"Meek Mill",
596,s0596,"Blue Collar Boys","Luke Combs",
597,s0597,"Pegao / Me Miro y La Mire",Omega,
598,s0598,"Hot (Remix)","Young Thug","Travis Scott"
599,s0599,"Need It",Migos,
600,s0786,"Ride Wit Me",Nelly,"City Spud"
601,s0601,"Todo Esta Ok","Fixty Ordara y Ja Rulay",
602,s0602,"From 84","Mac Dre",
603,s0603,Kashmir,"Led Zeppelin",
604,s0809,"El Cachanilla","El Coyote y Su Banda Tierra Santa",
605,s0605,Rumble,Skrillex,
606,s0863,"Cold as You","Luke Combs",
607,s0607,Gladiador,"Eladio Carrion",
608,s0608,"I Won't Back Down","Tom Petty",
609,s0716,"Pour Some Sugar On Me","Def Leppard",
610,s0752,"When the Levee Breaks","Led Zeppelin",
611,s0611,"Narrow Road","NLE Choppa",
612,s0612,"Midnight Train to Memphis","Chris Stapleton",
613,s0613,"Fed Up",Ghostmane,
614,s0614,"Primera Cita",Servando,
615,s0615,"My Rocket","J. Monty",
616,s0616,Time,"Pink Floyd",
617,s0617,"The Well","Marcus King",
618,s0618,Ghost,"Kid Cudi",
619,s0619,"La Copa","Don Omar",
620,s0671,"Broke Boys",Drake,"21 Savage"
621,s0621,"South On Ya","Luke Combs",
622,s0622,"Yes Indeed",Drake,"Lil Ba"
623,s0623,Aspen,"The Jacka",
624,s0624,"Super Hero","Metro Boomin",
625,s0625,"Fire Squad","J. Cole",
626,s0626,"MONEY & FAME",NEEDTOBREATHE,
627,s0627,"That's Life","Frank Sinatra",
628,s0628,"Before I Let Go","Frankie Beverly",
629,s0629,AOK,"Tai Verdes",
630,s0630,"Look Ahead",Future,
631,s0631,"Top Drops","Fat Pat",
632,s0632,"Pimp Juice",Nelly,
633,s0633,Famous,"Kanye West",
634,s0634,Desahogo,Akim,
635,s0635,Flower,Mo,
636,s0636,"Hunger on Hillside","J. Cole",
637,s0637,"Grove St. Party","Waka Flocka Flame","Victor Cardenas"
638,s0638,422+222,"lil uzi vert",
639,s0639,"Que Piquete","Polo Joa",
640,s0640,"How Bad Do You Want It","Tim McGraw",
641,s0641,"I Am Second",Newsboys,
642,s0642,Plebada,"El Alfa x Peso Pluma",
643,s0643,"Welcome to the Jungle","Guns N' Roses",
644,s0644,"Still D.R.E.","Dr. Dre",
645,s0645,"Moreno Soy","La Sonora Ponceña","Papo Lucca"
646,s0571,Rooster,"Alice In Chains",
647,s0647,"Me Olvide de Vivir","Tono Rosario",
648,s0648,"Mr. Rager","Kid Cudi",
649,s0649,"Ch y la Pizza","Fuerza Regida",
650,s0650,"New Noise",Refused,
651,s0651,"Calm Down (Violin Cover)",Rema,
652,s0652,Socorro,"Jey One",
653,s0766,"Can't Be Touched","Roy Jones Jr.",
654,s0654,Alive,"Kid Cudi",Ratatat
655,s0655,"A Bay Bay (The Racthet Remix)","Hurricane Chris",
656,s0656,Renegade,Styx,
657,s0657,"Rulay & Pica Pollo","El Alfa","El Perrote Wz"
658,s0658,"Burning Up (Fire)",BTS,
659,s0659,"That's it",Future,"Lil Uzi Vert"
660,s0660,"Joker and the Thief",Wolfmother,
661,s0661,"Pinky Ring","Miky Woodz",
662,s0662,"Blue World","Mac Miller",
663,s0663,"Richard Millie Plain",Gunna,
664,s0664,"I Wanna Dance With Somebody","Whitney Houston",
665,s0665,"La Piri REMIX","Rochy Rod","El Cherry"
666,s0770,Evenflow,"Pearl Jam",
667,s0667,"Soul Survivor (Clean Version)","Akon and Jeezy",
668,s0668,Redbone,"Childish Gambino",
669,s0669,"No Sleep","Wiz Khalifa",
670,s0670,MAGIC,"Vince Staples",
671,s0671,"Broke Boys",Drake,"21 Savage"
672,s0672,"WWE: Here Comes the Money","Shane McMahon",
673,s0673,"De Donde Yo Salí","L Kimii","DJ Conds"
674,s0674,"Back in Black",AC/DC,
675,s0675,"El Trote","Rochy RD",
676,s0676,"Too Many Nights","Metro Boomin",
677,s0677,"Good God Almighty",Crowder,
678,s0678,Superstition,"Stevie Wonder",
679,s0679,"Blinding Lights","The Weeknd",
680,s0680,"Hay Santo","Rochy Rd","Jonatan Burlon"
681,s0681,Freestyle,"Lil Ba",
682,s0682,"Cost To Be Alive","Lil Ba",
683,s0683,"The Stroke","Billy Squire",
685,s0685,"Yandel 150",Yandel,Feid
686,s0686,"Keep Their Heads Ringin'","Dr. Dre",
687,s0687,"Sol Soldado","Juan Luis Guerra 4.40",
688,s0688,"Raindrops (Insane)","Metro Boomin","Travis Scott"
689,s0689,"Crank That","Soulja Boy",
691,s0691,"Andamos Mejor","Los Gemelos De Sinaloa",
692,s0692,"Show Me Love","Chance The Rapper",
694,s0694,"Every Chance I Get","DJ Khaled",Goldie
695,s0695,"So Many Tears",2Pac,
696,s0696,"72nd & Central",Proof,"J Hill"
697,s0697,HER,"Block B",
698,s0698,"For Whom The Bell Tolls",Metallica,
699,s0699,"Pour It Up",Rihanna,
700,s0700,Baianá,Bakermat,
702,s0702,Vampire,"Tribal Seeds","Whiteboy John"
703,s0703,"Nolia Clap",Juvenile,Wacko
704,s0704,Tata,"Eladio Carrión","J Balvin"
706,s0706,"Mob Ties",Drake,
707,s0707,"Esa Muchacha","Los Hermanis Rosario",
708,s0904,Bandoleros,"Don Omar","Tego Calderon"
709,s0709,"Real Joseador",""Secreto ""El Famoso Biberon"""",
710,s0710,"California Love",2Pac,"Dr. Dre"
711,s0711,"Night Shift","John Pardi","John Pardi"
712,s0712,"Heavy Is The Head","Zac Brown Band","Chris Cornell"
713,s0713,"Wild Trip",Denm,"Landon McNamara"
714,s0714,"Lucky Man","Montgomery Gentry",
715,s0715,"I Wrote The Book","Morgan Wallen",
716,s0716,"Pour Some Sugar On Me","Def Leppard",
717,s0717,"Wake Me Up Before You Go",Wham,
718,s0718,Intro,"The xx",
719,s0719,Thief,Ookay,
720,s0720,"Still Here",Drake,
721,s0721,"Lay Low",Tiesto,
722,s0722,"Gimme Shelter","The Rolling Stones",
723,s0723,"Rich Flex","Rich Flex",
724,s0724,Bailar,Deorro,"Elvis Crespo"
725,s0725,"Despues de la Playa","Bad Bunny",
726,s0726,"I'll Be There For You","The Rembrandts",
727,s0727,Satisfied,Rebelution,
728,s0728,"Since '84","Mac Dre",
729,s0729,Bootylicious,"Destiny's Child",
730,s0730,"The Imperial March","John Williams",
731,s0731,"Drop It Like It's Hot","Snoop Dogg",
732,s0732,Levels,Avicii,
733,s0733,25/8,"Bad Bunny",
734,s0734,"Just the Two of Us","Grover Washington Jr.",
735,s0735,"I'm So Humble","Lonely Island",
736,s0736,"Me Porto Bonito","Bad Bunny",
737,s0737,"Out There","Luke Combs",
738,s0738,"The Chain","Fleetwood Mac",
739,s0739,"Ain't No Rest for the Wicked","Cage the Elephant",
740,s0740,"The One","Lovd Ones",
741,s0741,"Gold Thangs & Pinky Rangs",Ramirez,
742,s0742,Loyal,Odesza,
743,s0743,"Like I Love You","Justin Timberlake",
744,s0744,"If You Want Blood (You've Got It)",AC/DC,
745,s0745,"Jumbotron Sh** Poppin",Drake,
746,s0746,"Had Enough","Don Toliver",
747,s0747,"Holler From The Holler","Stephen Wilson Jr.",
748,s0748,"Neon Grave","Tyler Braden",
749,s0749,"Killer Whale","Andre Nickatina",
750,s0750,"Bright Side of Life",Rebelution,
751,s0751,Revenge,"Joyner Lucas",
752,s0752,"When the Levee Breaks","Led Zeppelin",
753,s0753,Fireman,"Lil Wayne",
754,s0754,"Say Yes","Michelle Williams",
755,s0755,"Around the World","Around the World",
756,s0756,"Mambo Italiano (Trap Remix)","Andy White",
757,s0757,"Check My Brain","Alice In Chains",
758,s0758,""So Fresh, So Clean "",Outkast,
759,s0759,"Gangsta's Paradise",""Coolio, L.V."",
760,s0760,"Run This Town",JAY-Z,
761,s0761,"The Godfather Waltz","Nino Rota",
762,s0762,"Ve Por Tu Suevo","Lilly Goodman",
763,s0763,"Hell and Back","Kid Ink",
764,s0764,Levels,BigXthaPlug,
765,s0765,"Higher (Flume Remix)",Ta-Ku,
766,s0766,"Can't Be Touched","Roy Jones Jr.",
767,s0767,"Pepas - David Guetta Remix",Farruko,
768,s0768,"Little Wing","Stevie Ray Vaughn",
769,s0769,"My Own Summer (Shove It)",Deftones,
770,s0770,Evenflow,"Pearl Jam",
771,s0771,"The Way You Move",Outkast,
772,s0772,Layers,NF,
773,s0773,"Married To The Game",Future,
774,s0774,"Jump Around","House of Pain",
775,s0775,"Ameno Amapiano Remix (You Wanna Bamba)","Goya Menor",
776,s0776,Digits,"Young Thug",
777,s0777,"Hawai'i '78","Israel Kamakawiwo’ole",
778,s0778,"Dreamin Of The Past","Pusha T (feat. Kanye West)",
779,s0779,rodman,Mike.,
780,s0780,"Follow God","Kanye West",
781,s0833,"Calm Down",Rema,"Selena Gomez"
782,s0782,"Runnin Down A Dream","Tom Petty",
783,s0783,Desperado,Rihanna,
784,s0784,Stay,Stay,
785,s0785,"In The House",Crowder,
786,s0786,"Ride Wit Me",Nelly,"City Spud"
787,s0787,"Shake Ya Tailfeather",Nelly,
788,s0788,"Hold On","Lil Tjay",
789,s0789,"Hold Me Closer","Elton John",
790,s0790,Versace,Migos,
791,s0791,"Yep Dat's Me","Jamie Foxx",Ludacris
792,s0792,"Gogo Dance","El Alfa","El Alfa"
793,s0793,Trance,"Metro Boomin","Travis Scott"
794,s0794,"El Indio Enamorado","Grupo Laberinto",
795,s0795,"Hells Bells",AC/DC,
796,s0796,"Mbappé (Remix)","Eladio Carrión",
797,s0797,"Rock of Ages","Def Leppard",
798,s0798,"River of Life","Mac Powell",
799,s0799,"Mississippi Queen",Mountain,
800,s0800,"Back Down","50 Cent",
801,s0801,Chip,"The Real McKenzies",
802,s0903,"What I Can't Put Down","Jon Pardi",
803,s0803,Brother,NEEDTOBREATHE,"Gavin DeGraw"
804,s0804,"Ride The Lightning","Warren Zeiders",
805,s0805,"Public Service Announcement",Jay-Z,
806,s0806,"God's Country","Blake Shelton",
807,s0807,"Glitter Ain't Gold","Whiskey Myers",
808,s0907,"Use This Gospel","Kanye West",Clipse
809,s0809,"El Cachanilla","El Coyote y su Banda Tierra Santa",
810,s0810,"God's Gonna Cut You Down","Johnny Cash",
811,s0811,"Beautiful Day (Thank You for Sunshine)",Trinix,Rushawn
812,s0812,Fearless,"Pink Floyd",
813,s0813,"Where I Belong","Building 429",
814,s0814,"Yo Voy",Zion,
815,s0815,"Ay Si Ñiño","Rochy Rd","Mafeo 13"
816,s0816,Creere,"Tercer Cielo",
817,s0817,""Gin, Smoke, Lies"","Turnpike Troubadours",
818,s0818,Lenier,"Un Millon",
819,s0819,"Take It Easy",Eagles,
820,s0820,"Secret Crowds",Angels,
821,s0821,"Going to California","Led Zeppelin",
822,s0822,"The Search",NF,
823,s0823,"De Kabra A Tiguere","Rochy RD","Dilon Ba"
824,s0824,MVP,"Big L",
825,s0825,"Burn The House Down",AJR,
826,s0826,"Last Night","Morgan Wallen",
827,s0827,Estare,"Tercer Cielo",
828,s0828,"Simple Man","Lynyrd Skynyrd",
829,s0829,Dinero,Harryson,"Yomel El Meloso"
830,s0830,"Ella Baila Sola","Eslabon Armado","Peso Pluma"
831,s0831,Work,"Gang Starr",
832,s0832,"She Had Me at Heads Carolina","Cole Swindell",
833,s0833,"Calm Down",Rema,"Selena Gomez"
834,s0834,"In Bloom",Nirvana,
835,s0835,Empaquetate,Donaty,
836,s0836,"No Diggity",Blackstreet,"Dr. Dre"
837,s0837,"Rescue Story","Zach Williams",
838,s0838,"All My Life","Lil Durk",J.Cole
839,s0839,"Square Dance",Eminem,
840,s0828,"Simple Man","Lynyrd Skynyrd",
841,s0841,"Kickstart My Heart","Motley Crue",
842,s0842,"Con Calma","Daddy Yankee",Snow
843,s0843,"Come Together","Gary Clark Jr.","Junkie XL"
844,s0844,"Spread The Opps",Lecrae,
845,s0845,"Burning Man","Andrew Watt","Post Malone"
846,s0846,"Thunderkiss '65","White Zombie",
847,s0847,"Tops Drop","Fat Pat",
848,s0848,"Used To",Drake,
849,s0849,"Prime Time",BigXthaplug,
850,s0850,"Home Sweet","Russell Dickerson",
851,s0851,"Asi Soy Yo","Anuel AA","Bad Bunny"
852,s0852,"In The Bible","Morgan Wallen",HARDY
853,s0853,"Can't Stop","Red Hot Chilli Peppers",
854,s0854,"Sad But True",Metallica,
855,s0855,"Fuss and Fight","Ko Wetzel",
856,s0856,Bori,"6Ix9Ine feat Lenier",
857,s0857,Desires,"Drake with Future",
858,s0858,"Mexican Wind","Ryan Wilcox","The Sunday Shakes"
859,s0859,"The Hills","The Weeknd",
860,s0860,Runaway,"Bon Jovi",
861,s0861,"Manduko - Victor Porfidio Remix",Jimmix,Alfredo
862,s0862,"Money For Nothing","Dire Straights",
863,s0863,"Cold As You","Luke Combs",
864,s0864,Graves,Kb,"Brandon Lake"
865,s0865,"Suga Suga",Ba,
866,s0866,Stranglehold,"Ted Nugent",
867,s0867,"Las Avispas","Juan Luis Guerra",
868,s0880,"BUTTERFLY EFFECT","Travis Scott",
869,s0869,"Say It Ain't So",Weezer,
870,s0870,"Yungen (Clean)","Rod Wave","Jack Harlow"
871,s0871,"Feds Did a Sweep",Future,
872,s0872,Antidote,"Travis Scott",
873,s0873,"Alto Riesgo","Myke Towers",
874,s0874,"Quienes Son Ustedes","Eladio Carrion",
875,s0875,"Rock and Roll Band",Boston,
876,s0876,Hustlin',"Rick Ross",
877,s0877,"El Mechón","Banda MS de Sergio Lizárraga","Banda MS de Sergio Lizárraga"
878,s0878,"Stone Love",Pepper,
879,s0879,"Still Fly","Big Tymers",
880,s0880,"BUTTERFLY EFFECT","Travis Scott",
881,s0881,Sunrise,"Morgan Wallen",
882,s0882,Deliverance,"Bubba Sparxxx",
883,s0883,"La Resistencia PR",Redimi2,
884,s0884,"All Things","Chris Howland",
885,s0885,"Ven Espíritu Santo",Barak,
886,s0886,Money,"Pink Floyd",
887,s0887,"We Are Young",fun.,"Janelle Monáe"
888,s0888,"No Friends in the Industry",Drake,
889,s0889,"Remember When",Chevelle,
890,s0890,Goosebumps,"Travis Scott",
891,s0891,"Runnin’ Outta Moonlight","Randy Houser",
892,s0892,Tsunami,DVBBS,
893,s0893,"Hillbilly Deluxe","Brooks and Dunn",
894,s0894,"No Le Pegue A La Negra","Joe Arroyo",
895,s0895,MisUnderstood,"Lil Jairmy",
896,s0896,Sufriendo,MYLØ,"Zafra Negra"
897,s0897,"All The Small Things",Blink-182,
898,s0898,"BA BA","Braulio Fogon",
899,s0899,"Dirt On My Boots","Jon Pardi",
900,s0900,Carousel,"Travis Scott",
901,s0901,"Cada Quien","Grupo Firme",Maluma
902,s0902,"Going Bad","Meek Mill",Drake
903,s0903,"What I Can't Put Down","Jon Pardi",
904,s0904,Bandoleros,"Don Omar","Tego Calderon"
905,s0905,Invincible,"Pop Smoke",
906,s0906,"Tick Tick Boom","Sage The Gemini",BygTwo3
907,s0907,"Use This Gospel","Kanye West",Clipse
908,s0908,"Edge of Darkness","Great Van Fleet",
909,s0909,"Outlaw State of Mind","Chris Stapleton",
910,s0910,"(What This World Needs Is) A Few More Rednecks","Charlie Daniels Band",
